#identifier	phenotype	marker	pvalue
Seed oil 6-g2	Seed oil	Gm05_38473956	1.58489E-07
Seed oil 6-g1	Seed oil	Gm05_38506373	1.58489E-06
Seed oil 6-g3	Seed oil	Gm20_31164168	0.00000001
Seed oil 6-g4	Seed oil	Gm20_606529	2.51189E-06
