TaxonID	3847
Strain	Williams82
Name
KGK20171006.1
PlatformName

PlatformDetails

NumberLociTested
59845
NumberGermplasmTested
279
Assembly
Wm82.a1
DOI|10.3389/fpls.2017.01222
phenotype	ontology_identifier	marker	p_value	chromosome	start	end
Seed oil	SOY:0001668	Gm05_38506373	1.58489E-06	Gm05	41843996	41843996
Seed oil	SOY:0001668	Gm05_38473956	1.58489E-07	Gm05	41876457	41876457
Seed oil	SOY:0001668	Gm20_606529	2.51189E-06	Gm20	601752	601752
Seed oil	SOY:0001668	Gm20_31164168	0.00000001	Gm20	32296452	32296452
