TaxonID	3847
Strain	Williams82
Name
KGK20171018.1
PlatformName
SoySNP50K
PlatformDetails
Illumina BeadChip
NumberLociTested
35,009
NumberGermplasmTested
166
Assembly

DOI|10.1186/s12864-017-3922-0
phenotype	ontology_identifier	marker	p_value	chromosome	start	end
Seed weight	SOY:0001629	ss715587354	0.000812831	Gm04	30314753	30314753
Seed weight	SOY:0001629	ss715587337	0.000776247	Gm04	30724329	30724329
Seed weight	SOY:0001629	ss715587463	0.000776247	Gm04	32782075	32782075
Seed weight	SOY:0001629	ss715587560	3.02E-05	Gm04	36376946	36376946
Seed weight	SOY:0001629	ss715587852	6.76E-06	Gm04	40151473	40151473
Seed weight	SOY:0001629	ss715626515	0.000123027	Gm17	2492277	2492277
Seed weight	SOY:0001629	ss715626516	2.82E-05	Gm17	2492594	2492594
Seed weight	SOY:0001629	ss715628293	3.89E-06	Gm17	8364226	8364226
