TaxonID	3847
Strain	Williams82
Name
KGK20170707.1
PlatformName
Illumina GoldenGate
PlatformDetails

NumberLociTested
1,142
NumberGermplasmTested
219
Assembly
Wm82.a2.v1
DOI|10.1111/pbr.12305
phenotype	ontology_identifier	marker	p_value	chromosome	start	end
Stem diameter, main	SOY:0001624	ss107913943	3.27E-07	Gm02	2380973	2380973
Plant height	SOY:0001365	ss107919771	0.01032	Gm02	15923907	15923907
Seeds per plant	SOY:0001616	ss107919771	0.1078	Gm02	15923907	18844283
Seed weight	SOY:0001629	ss107913562	0.0189	Gm03	38117007	38117007
Seed yield	SOY:0001622	ss107913503	0.001188	Gm03	38448188	38448188
Seed yield	SOY:0001622	ss107913538	0.000127	Gm03	38642636	38642636
Seeds per plant	SOY:0001616	ss107918968	0.7796	Gm04	443360	443360
Pod number	SOY:0001702	ss107918045	0.01007	Gm05	38923016	38923016
Seed yield	SOY:0001622	ss107913110	0.0527	Gm06	3823755	3823755
Seeds per plant	SOY:0001616	ss107918865	1.11E-05	Gm06	18211927	26237442
Pod number	SOY:0001702	ss107918865	4.81E-05	Gm06	26237442	26237442
Seed weight	SOY:0001629	ss107913198	0.000716	Gm09	47598387	47598387
Seed weight	SOY:0001629	ss107913806	2.89E-10	Gm11	15649090	15649090
Pod number	SOY:0001702	ss107913806	8.45E-05	Gm11	15649090	15649090
Seed weight	SOY:0001629	ss107913815	2.89E-10	Gm11	15649091	15649091
Pod number	SOY:0001702	ss107913815	8.45E-05	Gm11	15649091	15649091
Seeds per plant	SOY:0001616	ss107917367	1.51E-08	Gm11	33902439	33902439
Pod number	SOY:0001702	ss107917367	6.62E-07	Gm11	33902439	33902439
Seed yield	SOY:0001622	ss107913076	0.7894	Gm13	17660886	17660886
Plant height	SOY:0001365	ss107920090	0.000865	Gm13	44893681	44893681
Plant height	SOY:0001365	ss107912550	0.000921	Gm13	45165212	45165212
Pod number	SOY:0001702	ss107912550	0.00018	Gm13	45165212	45165212
Pod number	SOY:0001702	ss107916660	0.000327	Gm15	5252046	5252046
Seeds per plant	SOY:0001616	ss107916660	0.000265	Gm15	5252046	5252046
Branch number, main stem	SOY:0001318	ss107913147	0.000254	Gm15	27808670	27808670
Branch number, main stem	SOY:0001318	ss107912978	0.007598	Gm15	42596278	42596278
Branch number, main stem	SOY:0001318	ss107912965	0.02663	Gm17	687969	687969
Pod number	SOY:0001702	ss107920459	0.09236	Gm17	10942849	10942849
Branch number, main stem	SOY:0001318	ss107920459	0.01247	Gm17	10942849	10942849
Branch number, main stem	SOY:0001318	ss107913130	0.0144	Gm17	10983581	10983581
Branch number, main stem	SOY:0001318	ss107913489	5.46E-05	Gm20	34074375	34074375
