TaxonID	3847
Strain	Williams82
Name
SST20180209.1
PlatformName
GoldenGate SNP assay
PlatformDetails
Illumina USLP 1.0
NumberLociTested
88
NumberGermplasmTested
141
Assembly
Wm82.a1.v1.1
DOI|10.3835/plantgenome2011.04.0011
phenotype	ontology_identifier	marker	p_value	chromosome	start	end
Iron deficiency chlorosis	SOY:0001373	ss107918691	2.94E-08	Gm02	2485010	2485010
Iron deficiency chlorosis	SOY:0001373	ss107920575	1.26E-05	Gm03	43001135	43001135
Iron deficiency chlorosis	SOY:0001373	ss107927657	0.000165577	Gm03	43386736	43386736
Iron deficiency chlorosis	SOY:0001373	ss107913086	0.000165577	Gm03	43412025	43412025
Iron deficiency chlorosis	SOY:0001373	ss107912865	9.59E-05	Gm06	45851263	45851263
Iron deficiency chlorosis	SOY:0001373	ss107913778	2.83E-05	Gm07	7189663	7189663
Iron deficiency chlorosis	SOY:0001373	ss107913443	9.82E-05	Gm13	28336839	28336839
Iron deficiency chlorosis	SOY:0001373	ss107924542	0.002500345	Gm13	32684846	32684846
Iron deficiency chlorosis	SOY:0001373	ss107927321	7.52E-05	Gm19	40550665	40550665
